variant	chr	pos	ref	alt	effect_allele	other_allele	gene	gene_symbol	effect_size	log2_fold_change	p_nominal_nlog10	fdr_nlog10	fdr_method	power	VariantID_h19
NC_000010.11:79347444::CCTCCTCAGG	chr10	79347444		CCTCCTCAGG	CCTCCTCAGG		ENSG00000108179	PPIF	-0.022057224	-0.032178046	1.86224451	1.778299483	Benjamini-Hochberg	0.054202114	chr10:81107199:A>ACCTCCTCAGG
NC_000010.11:79347444:GG:GGTGTGCGGCGG	chr10	79347444	GG	GGTGTGCGGCGG	GGTGTGCGGCGG	GG	ENSG00000108179	PPIF	-0.408968828	-0.758693872	6.375717904	5.866461092	Benjamini-Hochberg	0.999999871	chr10:81107199:A>AGGTGTGCGGC
NC_000010.11:79347444::TGATGCAATC	chr10	79347444		TGATGCAATC	TGATGCAATC		ENSG00000108179	PPIF	0.873942851	0.906076956	7.300162274	6.63638802	Benjamini-Hochberg	1	chr10:81107199:A>ATGATGCAATC
NC_000010.11:79347443:A:ATGTTGCAACA	chr10	79347443	A	ATGTTGCAACA	ATGTTGCAACA	A	ENSG00000108179	PPIF	0.132667302	0.179724161	3.553863762	3.397077705	Benjamini-Hochberg	0.575200705	chr10:81107199:A>ATGTTGCAACA
NC_000010.11:79347444::TTCAGTTTGG	chr10	79347444		TTCAGTTTGG	TTCAGTTTGG		ENSG00000108179	PPIF	-0.096234355	-0.145979378	0.880457076	0.833234848	Benjamini-Hochberg	0.005869996	chr10:81107199:A>ATTCAGTTTGG
NC_000010.11:79347440:TA:TACCTGCAGGTA	chr10	79347440	TA	TACCTGCAGGTA	TACCTGCAGGTA	TA	ENSG00000108179	PPIF	-0.50970361	-1.028273956	8.860120914	7.595166283	Benjamini-Hochberg	1	chr10:81107196:T>TACCTGCAGGT
NC_000010.11:79347442::CTTGCGC	chr10	79347442		CTTGCGC	CTTGCGC		ENSG00000108179	PPIF	0.222274668	0.289568522	8.292429824	7.251037139	Benjamini-Hochberg	1	chr10:81107198:A>CTTGCGCA
NC_000010.11:79347442::TAAATGAGG	chr10	79347442		TAAATGAGG	TAAATGAGG		ENSG00000108179	PPIF	-0.034044116	-0.049970793	1.401841879	1.342720428	Benjamini-Hochberg	0.02106958	chr10:81107197:A>ATAAATGAGG
NC_000010.11:79347441:A:ATGAGTTCA	chr10	79347441	A	ATGAGTTCA	ATGAGTTCA	A	ENSG00000108179	PPIF	-0.194725166	-0.312446847	8.772113295	7.591760035	Benjamini-Hochberg	1	chr10:81107197:A>ATGAGTTCA
NC_000010.11:79347442::TTACGCAAC	chr10	79347442		TTACGCAAC	TTACGCAAC		ENSG00000108179	PPIF	0.181441861	0.240548636	6.970616222	6.412289035	Benjamini-Hochberg	1	chr10:81107197:A>ATTACGCAAC

